sample,steps,parameters,fidelities,step_sizes
1,0,"[0.5757737692100583, 0.8074215147567352, 0.2746189580167215, -1.0784506710210553, 0.59815227367034, -0.08968333379811641, 0.6194673620856516, 1.1171505901509402, 4.573612035945433, -0.6209257589865055, 3.1921231301305313, 1.3588828640530224, 2.362045724344692, 0.5041312014393013, 2.874539068794096, 1.9906544848968286, 2.6053150863986954, 3.165100904220436, 1.3000371421746861, 3.6007041320581674, 0.20533977338567388, 0.06892166280923931, 0.5930604053782506, 1.4941407238730133]",0.5557251328774416,0.0
1,1,"[0.880284339531931, -0.912191935988418, -0.5398695574209802, -0.07071885690173252, 1.0684606153848177, -0.17993581187085467, 1.0483861383545907, 0.6935279879586282, 1.4547358429758093, 0.08405837882225863, 0.45285667370199656, 2.2497860711270197, 0.947790999637362, -0.1093044813782225, -1.402181284664601, -0.5770345984339027, 0.728515639130378, 2.854869890242228, -0.46180438289900566, 5.74843159853287, 0.2136665463034601, -0.25993521222374394, 0.3595263823510368, 0.07237184818538685]",0.7663970484101637,0.0
1,2,"[0.22247294554353308, -0.2189816912385418, -0.7478854989396201, -1.0783954493092076, 1.2031401472515575, 1.235297911134698, 1.5081728360882998, 0.29770203602567225, 0.7861782302990676, 0.425097855836833, -0.023103968278760142, 2.045144155326093, 0.6265455922981948, -0.12839331462281328, -1.0410777913391962, -0.1802076667729667, 0.26882040671961754, 2.8289316634265287, -0.41444281509814584, 6.975699311306423, -0.348890567826737, -0.30467468293881333, -0.8494761940608999, -0.9584821412655007]",0.8003256801245482,0.0
1,3,"[0.6351483672833237, -0.12382198772857302, -0.939974548050726, -0.7613831113053627, 1.0002903743730327, 1.1000485434947724, 1.3419181659974007, -0.4558985653173234, 0.6090392212676942, 0.030611159438026392, 0.1102118929480373, 1.6944061230095788, 0.5149845545472745, 0.2306165353112856, -0.8608539809495631, -0.059685430282093624, 0.14863615760647034, 2.2410115369676173, 0.11739766856291589, 6.948834545292144, -0.2222898574637575, -0.11497247659406509, -0.8367433853184596, -0.7937840854653381]",0.7993807112086654,0.0
