sample,steps,parameters,fidelities,step_sizes
1,0,"[1.1168051421929062, 2.2098882166984892, 0.8941297758950558, 3.049672166128871, 1.9985147393827556, 1.145609593663541, 3.96146094749992, 3.0931787835569535, 1.4175788988886309, 4.5647220887089235, 5.448463622668472, -0.09056083955015137, 1.2493544977840054, 0.17439493246375762, 1.1804499786288456, 1.2907637513496335, -0.41438973067388685, 0.24080700105827413, 1.605634206941686, 0.9773649150771615, 2.291103199657778, 2.457996206131089, 1.418117745461828, 2.177034396435695]",0.26184825679603246,0.0
1,1,"[0.5470082930243163, 1.8168151285535123, 0.14218839050833637, 0.5598664863807874, 0.35076915374733225, 0.255995205721111, 1.3855587112886703, 4.983177742541922, -0.33257950706181016, 0.04683846146663818, 0.29793513799020005, -1.5302561405843398, -0.5790825884672853, 0.22045235950002925, 0.30169603502546316, 0.2732626955057307, -0.7772485202968069, -0.8808772499103531, 1.4447840967267798, -0.171089098138008, 0.6998648510179412, 0.07921256477651496, -0.18647507116545148, 0.39175700292358623]",0.8841199730039264,0.0
1,2,"[0.3940983069043314, 1.6060436511897385, -0.27304221323028144, 0.011174385778676913, 0.5071148788681641, 0.5574616002285113, 1.4050888168035567, 5.500963939585643, -0.03139480965095078, -0.3227858696351362, 0.42381508312942867, -1.582972256693264, -0.498300386105332, 0.3012648731171175, 0.15128901822008947, 0.38539798547750515, -0.4636172591739349, -0.8365675020716192, 1.0538401472105645, 0.012276958481731685, 0.7209737562600934, 0.15851686010688984, -0.2918678085126361, 0.17846500048555905]",0.9665629215355147,0.0
1,3,"[0.5897652928001466, 1.4825468935179429, -0.25344602315916853, 0.013677543870635404, 0.5146371089957585, 0.45138756858653845, 1.2991170918285815, 5.469769326347935, -0.0854941021200608, -0.333144350167923, 0.41413209478338125, -1.4381167827089536, -0.37360196587400013, 0.3261846851764325, 0.019074016800291, 0.5684412918589312, -0.39197035118933204, -0.6764282716301194, 0.7871620707532117, 0.14828349153931905, 0.8259204584535433, 0.2309714177540124, -0.31947252013633787, 0.10697506335104964]",0.897318395039622,0.0
