sample,steps,parameters,fidelities,step_sizes
1,0,"[0.7430242967815228, 1.0704623314001314, -0.6958007090434087, 4.3180860376273555, 0.8498920289568505, 1.2049794028189822, 1.1845517082390813, 0.4446305943845876, 0.010564890384538408, -0.5270145185543278, 1.2579200406248614, 1.5154900389927068, 2.9927860309643615, -0.43068842931523327, 2.694912084757598, 0.7683977697888233, 1.9323673060073419, 2.957894665250215, 1.0858638793180582, 3.2559920418440447, 1.8909144043947912, 1.798624701499016, 1.992684079335643, 3.6875484646857233]",0.2194833892890506,0.0
1,1,"[0.4972002458996178, -0.009153210623018979, -1.3855132248871735, 0.3994747004754573, -1.0105415909230617, 1.8225331006095218, -0.3690929007428192, 1.1244625664598118, -0.16060975000445127, -0.29239581008200577, -0.17242357227637908, 0.6239668844725796, 1.016332152766973, -0.4310825876509455, 1.466721229955433, 1.056498688022948, 0.3419734105239509, 2.279845366643799, 0.3514549656139963, 2.555214923202327, -0.0018865019517140258, 0.015730556386016448, 1.5199043855222312, 0.7626050257517536]",0.6044960473365069,0.0
1,2,"[0.08984615492357996, -0.12580914215273972, -2.0521070063526126, 0.23359976133205346, -0.49355166601995243, 1.177619304624811, -0.046600354822968634, 1.234695437072479, -0.18968250530536865, -0.07626419905301428, -0.02941177140277866, 1.7980534479843966, 1.3034525980585738, -0.6404873746015748, 0.9870342233927466, 1.5928717776700423, 0.021889734248534524, 2.344559626990396, 0.9572328886481636, 2.1730661687040076, -0.03404142044217006, -0.2506763820536511, 2.3842377481331534, 0.37382084208377175]",0.9850423138770433,0.0
1,3,"[0.006184756001635178, -0.14808436691060833, -1.930749913593346, 0.15266595900218133, -0.5110085304049796, 1.1127375429440995, 0.008842426389918244, 1.2062949039078827, -0.1273008749984423, -0.1303900102343067, -0.03726813019781865, 1.9014447796837757, 1.1494997867868508, -0.6761607387873328, 1.0234186561133891, 1.5643721088791438, 0.004346208040016682, 2.460414729335155, 0.8373025796320255, 2.18777991401405, -0.07463660419965552, -0.24564713075598665, 2.42481421980089, 0.21344823766180704]",0.9553170037774025,0.0
