sample,steps,parameters,fidelities,step_sizes
1,0,"[1.3462506512577008, 1.038796385120044, 1.3559215495442132, 2.5970009141257293, 0.5143603067177775, 5.756994270430608, 2.6713301741911084, -0.8400490743540462, 0.894962413891472, 0.10517032846525237, 0.715935179319555, 1.3612089234197255, 2.3417228756418584, 2.4441129923858034, 1.675395057744378, 0.7123163731553244, 1.2450511152093333, 1.6189618616956447, 0.13367208768148567, 2.014165402530296, 3.9734955155466842, 0.024026134160141044, 4.212375639462252, 3.239014694528038]",0.5185789118308625,0.0
1,1,"[0.5674836873520398, 0.9203376495397753, 0.3889265494750583, 2.8688016709302766, -0.7525375405386112, 2.0758055862758824, 0.03239587427015937, -0.22286508986449022, 0.48963030539006847, -0.2715749801116669, -1.52219078852477, 1.5130337156173586, 0.9552502655643151, 0.19518956375463511, 0.7570505996895663, -0.6251261281715985, 0.8257706120549752, 2.612310944653483, 0.22895112474043094, 2.570266225239023, 2.3567271547625372, 0.7657129825397999, 1.382085724187524, 3.760701869941184]",0.5960164083293081,0.0
1,2,"[0.5355301219066326, 1.3640329800731825, -0.7391726531303495, 3.0848727250477594, 0.05829337874401602, 1.422034212832509, 0.21822388550061017, -0.4232064173702987, 1.0212313884463877, 1.022714463133983, -1.2331980939045197, 0.24469910255291372, 1.7426858357756234, -0.784590075925661, 0.7926995109270479, -0.5459800430124331, 0.43041050110901685, 1.8957356621669064, 0.7130450721102136, 2.9621773002563248, 1.8660741362871378, 0.9685675702121757, -0.030987581006308995, 3.8308248901946915]",0.8999588632113842,0.0
1,3,"[0.2905419464493886, 0.5143546917329829, -0.11984604691954923, 1.7876625836447084, -0.773506585381908, -0.07428160038989474, -0.40080260584016625, -1.6469961696903805, -0.18476552926888304, 0.1416454740720247, 0.044425822372106905, 0.5025665538604668, 0.011281264486914466, -0.0540731082824794, 0.3351074114493125, -1.3518143697816627, -0.2660610152685148, 0.20022109659360204, -0.6559660186765874, 3.85558009173819, 0.3106048615445626, 0.06746938396286235, -0.5909683983375352, 4.1922950513855755]",0.6322688152131585,0.0
