sample,steps,parameters,fidelities,step_sizes
1,0,"[1.042809451034207, 2.037355332158891, -1.5044775370786694, 0.8135358071119497, 1.9494131999125852, -0.25744198929508555, 0.9457191597000221, 0.058523548542652, 1.1219963995144493, 2.55110593483026, -1.1723107949657297, 0.7646645141864956, 1.509590441986123, 1.5692851564175503, 2.235336598299083, 0.59642452573447, 1.980212211815061, 1.381300303836428, 3.141113258067178, 2.1547175534758, 1.4514454970244, 0.14871641740276184]",0.3766728525041339,0.0
1,1,"[-0.33985312844771626, -0.8375224816644116, 0.041302068893298655, 0.24390479552168903, 0.0177008654167769, 0.27881769826384734, 1.1062790045669237, 0.978845457280293, 0.01870247786910846, 0.49560276812215454, -0.8067929298482726, 1.0387304893281752, 0.7505626202542728, 5.017157334456537, 1.1115178949434212, 2.173833123549825, 0.3540169839447951, 1.51790598318108, 0.19004600933443222, 0.6908811334106114, 0.5313860174036675, -0.607630799125279]",0.6942535837873575,0.0
1,2,"[0.1534707375206814, -0.6706000752453012, -0.6641772506859475, 0.3215916011935336, 0.1443658530104857, -0.39915861102584865, 0.8335869925816503, 0.5102902038741426, -0.05062212300030208, 0.02977913845637482, -0.7715938081161714, 0.6768740573351061, -0.16551114338172193, 5.11318404749234, 0.48039371178762197, 1.6173827674078587, -0.08404799194021559, 2.3695071221308006, -0.17362621391766916, -0.30579172766863844, 0.3647168097886083, -0.3679612172210712]",0.8395348265317597,0.0
