sample,steps,parameters,fidelities,step_sizes
1,0,"[1.0883528913036824, 1.1482598076775754, 1.6694147796249694, 0.0754275702743451, 3.2177543740820065, 2.919398981697097, 1.3829057958437667, 3.525483094450942, 2.109393834957807, 4.098713131116259, 1.6380544074726204, 0.37608901652035254, 5.836762251026543, 0.242412344341031, 0.9378856380355477, 0.7625750047759209, 0.36972144526692907, 1.6344905779874022, 0.8017949471442644, 3.5402673102054143, 1.4986087560596746, 0.6156577813650761, 3.726045452478888, 0.53943204712985]",0.5568381699823814,0.0
1,1,"[0.6912502954087235, 0.759071283945875, 0.8482401452801096, -1.9423975518987318, 2.6651585278305463, 1.8883120520092331, 1.5741051609434473, 1.918252044901926, 1.8416864022650823, -0.6004500227464755, 3.4102964769979676, -0.4148266977689795, 1.0126773382837817, 2.0624362851494853, -0.7068707723356905, 0.2775341916711448, 0.5260751400560388, 0.41506242133582366, 0.3821986602457061, 3.2726593755014837, -0.5371758704011633, 0.5806670276302917, 0.7275454958101123, -0.03287659961409185]",0.8809194624480184,0.0
1,2,"[1.4824599972611354, 0.32273390987228107, 0.2963304177891788, -1.5922879508446113, 1.9878930658107998, 1.6240129892988773, 1.3500376246139547, 1.7075925485222785, 2.209183444471013, -0.7200168279013617, 4.733057671381692, -0.23219831964585894, 1.0654304402165988, 1.8410456323552769, -0.9451755521844187, 0.32441074886373755, 0.4767777638622416, 0.24506738627725577, 0.5151826351952753, 3.284377275339419, -0.3291561053648046, 0.5604301011780605, 0.49369008077233023, -0.1444394414743302]",0.9281532467120354,0.0
1,3,"[2.000487185927213, 0.2921293234010837, -0.2675529608181536, -2.747096068343923, 2.212722139168023, 1.4339106972167766, -0.7663232237763876, 1.3867532721262439, 0.650493012125143, -0.8315429297738097, 5.334306642195317, -1.5078026913219822, 0.555597565654488, 0.8003788664099256, -0.9657523995852578, 0.30705542500975297, 0.8624116595645738, -0.09237136419275427, 2.0230640120633883, 3.0343516910536583, -0.40847290198316416, 0.6634208377833299, 0.08161287900296674, -0.008801226087673345]",0.9248625220216339,0.0
