sample,steps,parameters,fidelities,step_sizes
1,0,"[1.339915834173972, 0.11399806243719665, 2.5920597554350513, 1.2371607372149405, 4.291623013155998, 3.0968008084669734, 1.1600674257986319, 4.436584607020111, -0.03603148366209752, 0.5515783872769429, 2.157425016453799, 1.0627667416883024, 3.224025839958198, 2.2192372516057044, 2.995820327790698, 0.9545757463841917, 2.9339454537768375, -0.3282111891915928, -0.14869571558621147, -0.1696423193385299, 2.571236974797127, 1.0520545520518938, 1.5254295100629551, 0.90576061258203]",0.8199457970672185,0.0
1,1,"[-0.7838293371635733, 1.9837673033820837, 2.08869153872886, 2.792135355753749, 5.380043184975297, 2.2807721749185497, -0.7627625656122367, 4.777494078619894, -2.3094165947490035, -0.6017131932878619, 1.9837095467792585, 0.5415945492745398, 1.7411085544515361, 0.33722652626508653, 3.0982198895084228, 2.514002089422193, 2.673593245398787, 0.03772795926533301, -2.0599974267492116, -0.7290621758966301, 1.3080180204114051, 1.1541772613185495, 2.8537447522683963, 0.3446819826853655]",0.6033285636489528,0.0
1,2,"[0.006563178606766584, 0.1103800660008132, 0.6520297484316022, 0.21650105109822493, -0.36833343356851533, 1.285234573283912, -1.409964181351557, -0.44284496762880554, 0.08581716462903774, -0.33425202080736044, 0.027560519432745192, 1.09500158304349, 2.771042733604596, 0.313827054944226, 3.653332850030342, -0.5250017464365847, 0.8411901420537997, -1.07698218181594, -0.12435435950953522, 0.3841468437997251, 1.619999834126636, 0.5370811203939807, 2.274569121981349, 0.25746848531527616]",0.9362770968316468,0.0
1,3,"[0.31400616604037923, -0.34115163911992524, 0.6744470488624306, 0.25385236861809785, -0.32509003926472857, 0.5959508118122399, -1.81056363012435, 0.16588228706958608, 0.002920042077397947, -0.020227185057555937, 0.45627025467375204, 1.897422328384465, 2.4807717736976183, 0.3999653188607122, 4.357163722851164, -0.26302758848274915, 0.5169943063170924, -1.1348716654525108, -0.718314686541936, 0.7506273283677735, 1.2424296905147862, 0.5576533812926892, 1.04873856770977, 0.4225301658626826]",0.9960504786672718,0.0
