sample,steps,parameters,fidelities,step_sizes
1,0,"[2.574620239753015, 1.3061989933676939, 0.3443274467877412, 3.338762025845038, 0.7528493146399933, 3.2612071502314453, 1.840101249516683, 1.9070219039213359, 1.446289106567057, 0.6652580770919816, -1.2672932859572288, 0.0074202048539131794, 0.6151382978279327, 4.203165789656567, 0.12579413174149184, 1.031906940612539, 0.5407076938536892, 0.9789449503510806, 3.2673636331792406, 0.33745727674926573, 0.5537159601793534, 0.5213438674877846, 2.629442034514161, 1.3989403028068048]",0.17843879109088723,0.0
1,1,"[-1.5235126358867062, -0.8242665424084655, 0.26148511266482655, 2.834328673755854, 0.8978154107795251, -0.026518248478488105, 0.5675985849115124, 0.16370942328092036, 1.242592248832443, -0.27058864924602155, -1.3327866554925147, 0.5010606548231865, -2.0926704878079185, 1.7908958396560957, -0.8907170665326367, 0.011561023962463862, -1.1765237103773565, 0.14435785432962178, 1.1228544399052196, 0.0013701568716382173, -0.6151041438844297, -2.1297257131316405, 1.7402871582693695, 1.569894541241755]",0.5606852705655221,0.0
1,2,"[-2.1840217791400693, -0.7780307825491763, -0.21512164339960918, 3.9039335771947266, -0.06285996593736383, -0.1782392342039721, 0.08390700986875797, 0.042843868242429785, 1.0065660971810533, 0.0665572806517212, -0.35889801528309717, 0.12045742988467247, -2.3438261454991562, 3.010500821411881, -0.5482419102057671, -0.008892269549822283, 0.12580436869014355, -0.40171539352776986, 1.4609835858671567, -0.2598007611356413, -1.1725139019452802, -2.8983129088827284, 1.0904323995905416, 1.2065609432299755]",0.9113498545598487,0.0
1,3,"[-2.3668263413193165, -0.1748692294817392, -0.11882432856053167, 4.180968705896112, 0.11790199340798542, -0.09632425299996002, -0.18615472662942936, 0.029142126811291132, 1.0035424754180433, 0.05239860047859521, -0.12332755631258374, 0.26316350033778957, -2.6989574955041786, 2.747615532221365, -0.494454761008448, -0.06280048685573068, 0.3531566702461958, -0.3699137742116249, 1.2800876854129735, 0.05414105014908099, -1.200664881939218, -2.8890807717805824, 0.9135212353335884, 1.4020329520732866]",0.8416503511311484,0.0
