sample,steps,parameters,fidelities,step_sizes
1,0,"[0.591154783941908, 0.628811832027749, 0.7597282918959993, 2.700370460877064, -0.0037815202612538693, 2.466000767963575, 2.6326455153516237, 0.7799723640622304, 1.967647031681796, -0.10363333710767983, 1.4514604638355564, 2.430521005660591, -0.7413944564103647, 1.221874821362296, 0.010149113929907083, 2.885773836890221, 0.12463077925991305, 3.430216281423758, 1.267605076439579, 0.7593571004449284, 0.4397486321079483, -0.19983746411890313, 1.4282525984729482, 0.7469503087755888]",0.2533102364568144,0.0
1,1,"[0.1572451941609233, 1.1529639602646988, 2.019357240605298, 1.906646126735253, -0.7632583664129686, 0.964168573299402, 1.2795986772491301, -0.07311250873766582, 0.766687953402769, -1.400669210700507, 1.5957614373654454, 3.369198709269158, -1.793764247144738, 1.7640514282713229, 0.02449640593593473, 3.6953243584942004, -2.108282543423788, 3.1715542895976405, -0.19664913112666138, -0.1696513253897422, 0.7331553115499367, -0.6131815640104894, 1.747237722141624, -0.042204284936515915]",0.8962923560496278,0.0
1,2,"[-0.4802959196468615, 0.8246345862957287, 1.7970634938314993, 1.5093205081491265, -0.33752152499931387, 0.07939441041579182, 0.92643298627516, 0.09300988159948695, 0.957785269389654, -1.6659354303934684, 2.310821456825112, 2.947508643574155, -2.9572246898699515, 3.220179802849651, -0.8882818394523697, 3.8651505657329293, -1.2073134758755346, 2.512755805840496, 0.5558297065122668, -0.24288819746038198, 0.1421185717449822, -0.5321620714585196, 1.7305797995300896, -0.04941405780079457]",0.691297095378342,0.0
1,3,"[-1.4281786010316166, 1.3003534025456824, 2.610657834017246, 1.3810941725219277, -0.5948720778809018, -0.4354110719614539, 0.7744083438595594, -0.13427729676224745, 1.3507280372286743, -1.3539059168248764, 2.209485625677382, 3.2660633984669674, -3.1388717723653747, 3.2160342271305744, -1.50784527335702, 3.541923513461472, -1.2729987430468734, 2.447680251624855, 0.44136163889369145, -0.37695379240477367, 0.39199181415949863, -0.7931204629145824, 1.434577370473225, 0.3674646010136315]",0.9587452362162426,0.0
