sample,steps,parameters,fidelities,step_sizes
1,0,"[2.1656462785971096, 0.3411904909546828, 1.8884466377308526, -0.2193938403822785, 2.768117832818236, -0.21679033926398195, 3.2467096251164165, 3.3026824472915575, 0.7314481668582392, 0.09467780323265082, 4.572691961967392, 4.643009044736882, 0.08475285851588174, 1.7469679157588358, 2.911229554127112, 1.2587327228127707, 1.1622270416953309, -0.7250519622128397, 1.1184981446873286, 2.1650872201575986, 2.440257702111897, 1.7332840018957074, 1.3402213445918048, 1.6756725071694105]",0.5630875389153769,0.0
1,1,"[1.9506571005737148, 0.34986269226470035, 0.24098361328596982, 0.26793070513367767, -0.14461027626059347, -0.48828733243043476, 1.1679505125357983, 6.288392829947543, -0.30609935423270995, -0.4806695722149655, 2.806721130374372, 3.4290446112061868, -0.7418306425689014, 1.0412003016926394, 2.7687928419315977, 1.1239372844508058, 0.25107307000102974, -0.3441038356346978, 1.4588766104378181, -0.5243420475264684, 0.264107052308743, -1.922176996184367, -0.05388570206252688, 0.6433548575747684]",0.24388237812345168,0.0
1,2,"[0.5478836452036853, 1.7608507394283235, -0.7710196939925835, -0.3242263933079133, 0.01244133247234529, 1.5803752055852538, 1.723196024116569, 4.669485846930227, -0.567973556370852, 0.9428843933931477, 1.053249056829593, -0.02123177032222132, -1.3966010091750531, 0.937148819794443, 1.0743333646409383, 1.127647006109386, -0.5525189785548443, 1.1058177202170676, 0.8365355037453782, -1.461552074530363, 0.2558759352230199, -1.8452822125158717, -1.1335492784575445, 0.44035105165790417]",0.9726015199984548,0.0
1,3,"[0.7050671616948986, 2.2743876894620705, -0.7874295663607254, -0.09047969711839249, -0.31848433669003035, 1.061033094401884, 1.671594147600334, 4.435639073552446, -0.30414938056133795, 0.9230492856367745, 0.685455708873112, -0.47858227721786517, -1.4169434757474595, 1.189915564030354, 0.5452856763314432, 1.2789546508538194, -0.47235958646371123, 0.3547849563115471, 0.32867648252920356, -1.9710655594691215, -0.22912628990371223, -1.9022353238076817, -1.3036915935408382, 0.5536765784039561]",0.9330338020892731,0.0
