sample,steps,parameters,fidelities,step_sizes
1,0,"[2.1880118904079375, 5.582360114798354, 0.9866287434574571, 0.19089501052269403, 2.6203558663621243, 1.4293005407373514, 3.959709340979508, 1.3878890509445028, 1.0724333534954278, 1.2076135110810715, 1.081472487177914, 0.5464603576226579, 3.660417099935347, 1.2548972490346841, 3.1445650790339283, 2.492011389830694, 2.5609614132523992, -0.7984602436042265, 0.22306217202202844, 1.56002213153117, 0.09593088761744718, 0.46061987535459614, 3.078373638863616, 1.4363298401440412]",0.7199119381484551,0.0
1,1,"[0.12858791287033333, 1.8918686417901893, 0.4426454527563529, 0.26688428675092046, 1.512619258361718, -0.005890744471062477, 2.550589664272247, 1.358615613034612, 0.8895004517983761, 2.8758619796162646, 2.6397206508771007, -0.022853259639222953, 2.629986447678231, 1.5350891160041822, 4.079175272317195, 1.846101888591956, 1.0452256871237025, -1.2400933466723685, -0.09925166846704941, 2.4839103642969103, 0.12451930163177446, 0.6283830521806917, 1.589046346018509, 0.13353962009091608]",0.8542091550391622,0.0
1,2,"[-0.4113242848089403, 0.24862364825255484, 1.1568936009784678, -0.8166978348969789, 0.46072510305116116, -0.15074788489068747, 0.33574617903927617, -0.030551757459170638, 0.04184070676413243, 2.8201304874893918, 0.5167258794366772, 0.20274082534409973, 3.8823640719233556, 1.771701361488054, 5.743854161768022, -1.151368814146746, 1.4323876168466017, -2.3778368202466007, -0.8389809773905691, 0.9452567329350212, 0.24436621821068294, -0.23653860657191808, 0.3974896283608643, 0.02714236692096194]",0.9254447285839672,0.0
1,3,"[-0.3252338051227643, 0.5274589941993342, 1.1043760421068456, -0.8006789887350324, 0.1533365820918383, 0.46636005846563944, 0.3387575946380372, 0.03116307181873526, -0.43080344558234035, 2.655295050887131, 0.21536473867219805, -0.11995992680037362, 4.155132536195304, 1.8693026105211072, 6.221569325065223, -1.4755174439665757, 1.8667803641682617, -2.968563125233247, -0.5621453299215924, 0.5173190284105631, 0.014733987371899654, -0.21351593910830152, 0.37074055274135276, 0.29378429009404816]",0.5611302827488639,0.0
