sample,steps,parameters,fidelities,step_sizes
1,0,"[-0.18677172838524442, 1.165818530375505, 3.2848455214153893, 0.8792105310096503, 3.338579204223161, 1.839081075189928, 0.9523364274196479, 1.1392974112772989, 2.229356909404285, 4.417296504333583, 1.2741679319481576, 2.6301941095197066, 0.2718831560658756, 0.8825168706413342, -0.08368219509743668, 3.138166460595198, -0.43108040855433905, 3.120595067599622, 1.3561885033179077, 4.547843312334781, -0.08841463718840842, 2.381718974126936, 0.35426354869656335, 2.1961939270071484]",0.48174409361350845,0.0
1,1,"[-2.1804564592561544, 0.5248168475824907, 3.12505616141542, -0.417042608889069, 1.5693470384832673, 1.4385245466174301, -1.3322363951816196, -0.04005613241254333, 1.597487465164525, 1.033349915368872, 0.6103967334186153, 0.8431998366157076, 0.0966211129033514, 1.009735376970687, 0.7882088814346898, 2.9689307991937923, -1.3966498962259142, 2.8386588214049158, 0.796145351129119, 2.9442114456296746, -2.0088405846956277, -0.7003156981281197, -1.2802619896282466, 0.04228603989823454]",0.6791472894509272,0.0
1,2,"[-1.6367099498140814, 2.742789428863194, 2.081362268740924, -1.3852490059734355, 0.31812799414208526, 0.7560847717724505, -2.021543463052249, -0.5830808923146386, 0.7723976863793534, -0.5976182754108117, -0.027908316477534056, -0.48043206942932926, -0.36871967844737696, 0.6673219362168786, 0.5445558868509838, 3.9793121755353646, -2.033148588247115, 1.327328856005429, 1.6677777908710498, 2.084295546589949, -0.9627660845563898, -0.9660027611146231, -1.1975075819490857, -1.5446008090799666]",0.9751151766126805,0.0
1,3,"[-1.3950766105715964, 2.832050381563134, 1.8095161942331446, -1.0404938546034623, 0.7720299765418839, 0.6928286275821017, -2.3340781787358935, -0.6786772863186713, 0.9307629360862688, -0.6515868937119784, 0.06416384462451594, -1.1681704826090145, -0.35826846005161816, 0.5874289898367383, 0.28365140107739006, 4.188843489567369, -1.7091475379303729, 1.286897067207102, 1.857933889208836, 2.242494506720139, -0.7683086936007417, -0.663200439030114, -1.302467402898496, -1.6604842941443332]",0.9235870557572978,0.0
