sample,steps,parameters,fidelities,step_sizes
1,0,"[1.0879997826945829, 0.5066285191063085, 2.672448929294662, 0.49526316551762484, -0.33805982184743727, 2.021740517856244, 2.2687847899336466, 2.11587550184363, 0.08327885683423425, 0.2601751494845643, 2.7420975628440694, 0.8540825079350921, -0.419912573682923, 3.9068665307456967, 2.5549117994481865, 2.621099930735917, 0.5165645313421621, 1.4237412697770568, 3.8904312227630293, 0.8262919252359243, 1.1329705636914467, -0.08596188938178978, 1.9655697530795926, 1.9772560800110326]",0.7121202745611422,0.0
1,1,"[0.7850090003132653, -1.3450323050624031, 0.7064762207978189, -0.8528886747992123, 0.4506852158659135, 1.088299840290368, 1.2596786323829008, 1.5039674891046166, -2.0883962738547748, 0.17260027116767368, 1.080128846387446, 0.20425248546370045, -2.1817082530153376, 1.1124293881015734, 1.5014618758946834, 2.272526471897024, -2.5034587222518585, 1.4677145582196491, 0.6993238728435036, 0.5584355460771944, 1.5234290155890609, 0.1954357165908235, 1.294145833755129, -0.4143301929349249]",0.5594978750416474,0.0
1,2,"[-0.11429973475381677, -0.4795286255881027, 0.3938293563728635, -0.10567136963608495, -0.30695606974133594, 0.7850881374654235, 0.9106005811333059, 1.2746033178189426, -2.8952019304788474, 0.7892649849692775, 0.7738902486563085, -0.47893011951214204, -1.969037023318903, 1.4771198610286664, 0.9224630399597822, 2.260231012633887, -1.6371419853101146, 2.0302949724416064, 0.8540966691771603, 0.5023091631939693, 2.8093158080816103, 0.11293113979765858, 1.5513837025865904, -0.4471925312310955]",0.8955420176913192,0.0
1,3,"[0.04095669361023619, -0.2780597738413672, -0.004175903389384894, -0.012654651764450998, -0.385554508719405, 1.0434973090492603, 1.2246464607346295, 1.1409034439925172, -3.279419784964496, 1.1673095520857777, 0.5919472309961721, -0.7815839668757747, -2.2783430427675406, 2.268834034285025, 0.48815233576070866, 2.4479233364347173, -1.073591056128734, 1.8164567838544214, 1.109338295916593, 0.2488388837909866, 3.537995737827936, -0.07042359662948114, 1.7519632645426715, -0.7816346775379182]",0.5321579968032719,0.0
