sample,steps,parameters,fidelities,step_sizes
1,0,"[2.012221281877877, 3.9994519285755015, 0.8588309002928163, 1.381846299566707, 1.5444493682321339, 2.789047581352138, 0.949686155953208, -0.11199090589916043, 4.382729034989446, 1.6960952941890375, 1.2406479149079208, 3.07491372044575, -0.42294895112842185, -0.36839718541880834, 0.9667461195455544, 2.085111664148083, 3.4222690551014754, 2.504293199621067, 0.8137451509839582, 0.5661387478617987, 1.6949456529842943, 0.3397628512165608, 1.1496236427996285, 2.118049525202421]",0.7442133600727088,0.0
1,1,"[0.7199633862215871, -0.40637083208089103, -0.4474828664412097, -0.48786214650291837, 0.3525371900997857, 1.1689807735121558, -0.6445540361494728, -2.8019393912827386, 3.059979286865715, -0.7980614589750019, -0.07900547399201203, 4.60370294419918, 0.9041928402172823, -0.5158680997855649, -0.9114673269511554, 0.5166770153617244, 1.733122343438865, 0.6126276552740137, 0.4716828795463872, -0.6280746426815839, 0.9491952483809016, 1.3270696880895012, 0.8772442249972761, -0.44795965008371585]",0.4535505009719226,0.0
1,2,"[0.7651208666157107, -2.048058004113967, 0.038926308066754886, -0.6081097292401665, 0.6313913223948069, 1.2941061385311163, -0.08399363426828603, -2.7794561432880323, 2.945349559002233, -1.5795702770010147, -0.33557703966277724, 5.170421318758545, 0.6203427322840653, -1.1921587817271981, -0.9808695860657068, 1.200739499822578, 1.0166567722752886, -0.3128698255427193, -0.2890548373393666, 0.5510668444351068, 0.4438371594274604, -0.12081296249871618, 0.9583972076041826, -1.5185732951368311]",0.9567821814633788,0.0
1,3,"[0.4710679613971637, -2.0241664879201227, -0.221724907273387, -0.7967199684911456, 0.6544701912399993, 1.2768574856580874, -0.20433247023675957, -2.6433376957929733, 2.948765947581951, -1.6773528554183392, -0.24084994706064644, 5.4288306959354715, 0.4339801476795659, -0.9448234449350998, -1.102022382110742, 1.2774585887676084, 0.9236268139242068, -0.2041158210429519, -0.430515729126353, 0.5399857745756997, 0.1744132306131015, -0.3489550224700677, 0.8448850759686191, -1.4855906082075554]",0.9789523863801094,0.0
