sample,steps,parameters,fidelities,step_sizes
1,0,"[0.8266716240331621, 0.9901220063953624, 5.861081020852915, 1.506439274845495, 4.210870277770637, 2.633481901042736, 2.5102278652146666, 2.5705913552224366, 1.875728429244422, 1.5965598339607965, 0.19008041014714236, 1.2010428209964452, -0.9146925246555049, 0.5635519696407989, 0.2737138240535577, 0.41836711344428945, 1.422668537614124, 3.4165004143452946, 0.9311542174447863, 0.9611484227697267, 3.237386095173096, 1.1106384848636457, 3.305004598944875, 1.016031128700122]",0.45285555463573657,0.0
1,1,"[-0.2845886037013044, 1.5627755288489797, 0.09455813357058959, -0.2690103383085117, -0.05539844895444043, 1.8221383645859006, 2.1740546585073135, 0.3038443114499517, 0.6383853005078156, -0.26146288215878777, -1.2029046071067029, -1.5170598577935617, -0.995411664727093, -2.690088993695608, -1.5366384969545595, 0.6487780767483576, 0.13175045393902846, 3.081197151595925, 1.4265535323975878, -0.5419512940170663, 4.5318103953234, -1.5859755910193432, 0.4429511333167238, -1.3163786965957966]",0.6553330118017271,0.0
1,2,"[-1.5690647389011299, 0.8758175947215565, -0.29729360745217365, -0.44513777926456677, 0.4086223871997728, 1.4600435145364092, 1.301151610516932, -0.23754397308513758, 0.21135289953334413, -0.25992690225311277, 1.3546373002239152, -0.5583182103926163, -1.2675184445679035, -1.0572722926989464, 0.07239909884459807, 0.0878451792202283, 0.761852101878509, 2.8911348062599096, -0.5297514388583252, -0.1301375394405339, 4.248558753470823, -0.31232878951436843, 0.9103365382655986, -0.7351885375442426]",0.9183365356659537,0.0
1,3,"[-1.7984825850592567, 1.1507956319480055, -0.5773321466869784, -0.7590949023790529, 0.5769439613319491, 1.5089420420697186, 1.8715470113302688, -0.455596028947114, 0.3120579229522713, -0.5308523543133313, 1.7192081947999591, -0.7756665937102315, -1.4537991288957401, -0.9292714089656102, -0.12397746244403252, 0.4283705284178796, 0.7111317101642647, 2.5753977912058983, -0.4289083136362731, -0.010849440091747833, 5.061043045676705, -0.11843718822711975, 0.9131680709524193, -0.664648887850093]",0.6186644444673405,0.0
