sample,steps,parameters,fidelities,step_sizes
1,0,"[3.1455723604027113, -0.695999092617793, 3.300715506055586, 0.5148073391411848, 4.839009024487397, 0.9185667001009963, 2.170346365690993, 4.506056082330458, -0.4615480996357084, 0.03280587844851823, 5.796545961444756, -2.8532208513212165, 2.745585198866303, -0.7276673205597617, 0.5674025055601353, 2.8037284585742475, -2.3601771875343096, 1.182932158665732, 3.082276504729912, -0.6076961911382714, 0.7714763029012511, -1.655682115089273]",0.471150413761668,0.0
1,1,"[-0.07384951848428106, 0.21973245380902495, 3.022194318902425, 2.2579738580305397, 1.8576998608674131, 1.891229005169775, 2.501493025936722, 2.955571523678062, -0.9511922813303602, -1.91921982782685, 4.004369638615662, -2.481541209567145, 2.2450159668950196, 1.8456649241094216, 2.6727277858082075, 2.088498675815403, -4.700070733500276, 3.166270356536032, 0.8733595859636336, 1.5660859038987434, 0.34231403825575624, 3.274857307069874]",0.5923688824694433,0.0
1,2,"[0.2646794276788678, -0.5112414604827648, 3.540928579185156, 1.9195896529608718, 0.07445353709225686, 2.4321741134562953, 2.491060579480768, 4.635358622461726, -1.9565288570621693, -1.7142679833614651, 3.8536451443939272, -3.5845968037640916, 2.4584274662517553, 0.7261545524517669, 3.2567657894812156, 1.8516385739957728, -2.288784313090023, 4.0714348368527675, 0.5336636603994606, 2.333566249062904, 0.731929780015141, 5.312879829831161]",0.9184529634803351,0.0
1,3,"[0.5447092547635506, -0.22734748197770957, 3.384406610367073, 1.517985661035871, -0.2838802281017986, 2.5471821100598238, 2.5484093157776786, 4.481978058429276, -1.8507897536779223, -1.3075052302355823, 4.182529102116178, -3.717475705760855, 2.1134783895186384, 1.0578247809132977, 3.4817931686779846, 1.5678717028795348, -2.0964542894485594, 4.010065116773005, 0.6693268497859318, 2.520395649051939, 0.39925488545398863, 5.0800135970124325]",0.9975029579164749,0.0
1,4,"[0.5254611137344743, -0.16098079555615158, 3.3357932249253244, 1.425409683489634, -0.29595040966661884, 2.617647518831608, 2.6582057587336747, 4.498743049647093, -1.909395619250811, -1.3679639090784472, 4.264228947429818, -3.7122341871851403, 2.15508345467148, 1.1028911603048945, 3.5573139928573823, 1.5715387627603368, -2.181717284712893, 3.975333749755362, 0.5721437280580147, 2.584143747288367, 0.3492269168261657, 5.110894153365085]",0.9807958163348193,0.0
