sample,steps,parameters,fidelities,step_sizes
1,0,"[1.4749753346506773, 0.8286192060149009, 1.8413563843705334, 3.496992298096595, 4.3304216638692905, 3.355884201380215, 0.7939562512793564, 0.849434388478423, 1.9594929891931616, 0.4230761741978304, 0.7601183553276866, -0.6498959438934085, 2.4994840718638067, 1.2767536508867934, 1.7159082774008183, 0.22276370220283243, 3.446353362520162, 1.7738603257221999, -0.4362344511671947, 1.2021614778426875, 1.7024490489227233, 2.7301108080112315, 0.9983662962557256, 2.685943119480627]",0.7218182068702084,0.0
1,1,"[0.31211319403739374, 0.03546291820053492, 0.8094606328378071, 4.636548791459094, -0.8018631997322541, 1.068461205023189, 0.4489715676714592, 0.28888645040080563, 0.27585074111088115, 0.06937919002581616, -0.4700263295115882, -1.6087429819533048, -0.2968835667835059, 0.6495965869996574, 1.467920138225233, 1.3044034984660031, 1.2987687381662907, 0.010625393366856355, 0.8701142263513366, 0.24526807129062658, 0.33137026661821856, -0.18690003607864972, -0.7971812559975631, 2.046685397443493]",0.9517745461234842,0.0
1,2,"[0.2782090355976651, -0.15179499140233538, 0.7308942505483687, 5.014684259333368, -1.0969129907334414, 0.8563745192707118, -0.099745298492976, 0.4381051486092418, -0.13036253427708797, -0.012884691184759536, -0.2456837621964101, -1.288658038752439, -0.5506679617066865, 1.0011136636965716, 1.0798822818609504, 1.0049799664502788, 1.0088822093010705, -0.13401330597199423, 0.6872673913519262, 0.3859393437648981, 0.34130690406737174, -0.6286896837891964, -0.8983769650469287, 2.0388979872444795]",0.9940479453031886,0.0
1,3,"[0.19851896086675824, -0.15212710570719548, 0.6987784223614502, 5.1471694055018, -1.0628901724843467, 0.8408905250746902, 0.17828115229027416, 0.39681428820870124, 0.20528095313052572, -0.16918726901975678, -0.15223701746499657, -1.2106361695732633, -0.4288082410566696, 0.9374004235369732, 0.8699120477767323, 1.0050797452835083, 1.047527347151265, -0.047617438056730736, 0.8367047871585909, 0.5046981879559033, 0.48402212507376463, -0.8348934912424819, -1.0152936223998792, 1.9090706912464876]",0.8800934044957485,0.0
