sample,steps,parameters,fidelities,step_sizes
1,0,"[2.950432480359242, -1.3559747627396208, 1.089100288265783, 2.9559053964563464, 0.6156491286607956, -0.5411546270919364, 3.0808786793677716, 1.006906277897056, 0.5362852926523527, 1.0600787437747818, 1.519093139889193, 0.47382748835949706, 3.862149978404708, 0.10210301590917689, -0.6952572420516503, -0.029394945883873563, 3.088940770821861, 2.8628265798974644, 1.3936405113494004, 1.0458713773161437, 0.5074409202274166, 1.895316340132115]",0.8324449783137524,0.0
1,1,"[5.033226244848512, -2.633299104173817, 1.6534412531049003, 4.4951424458074944, 1.7336678947906148, -2.1717144976396745, 4.023135691402606, 0.29867861990447586, -0.5550764152234237, 0.8647001812912382, 3.5472624254386016, -0.09826394790688858, 4.325026638949676, 0.21163816539268449, -1.8138607651518157, 0.6114949072813387, 4.087477085985567, 5.107722119162076, 1.6919488263606806, 2.362880222558482, 1.6952132158910198, 1.540349285815967]",0.9517113560125847,0.0
1,2,"[5.2753796324613065, -1.821916745584937, 1.456283487461654, 3.050147428988205, 2.2038192546762847, -3.4855195636933782, 3.854195555610803, 2.405062870669833, 0.09157390782444785, -0.06294935078824995, 4.515788053016322, -1.5195247069791333, 4.172951524019051, -2.9581662748800515, -1.9443133511672548, -0.06228719061141161, 5.4037878724683095, 5.527911661842466, 2.475820277986794, 1.2309805960393572, 2.478904954576892, 1.424103022518997]",0.64395674307101,0.0
1,3,"[4.952923718193737, -0.572840722744327, 1.4138463830873937, 3.2591169959512727, 2.3302197504847224, -2.8901802296076062, 3.7512977823521654, 3.6819922627499877, 0.8113697049284564, 0.0964263893789496, 3.9198110527175336, -0.3589261202463911, 3.6043758298313255, -3.09368572579236, -0.5925922292685395, -0.011814295698219901, 4.681382911728384, 3.5186482970205697, 1.961976863022015, 0.023147489670189578, 2.937031599989647, 0.9057349855889274]",0.9856709210829021,0.0
1,4,"[4.91309948025213, -0.7067733186031663, 1.70616024797862, 3.7739704532408505, 2.393699646888015, -2.8435740707850763, 3.9176381580180295, 3.3626304969305703, 0.6124884163971422, 0.3899739839739379, 4.039257076666355, -0.8120030829070435, 3.7582129405570472, -3.582322225618737, -0.44840877298264525, -0.543711705634768, 4.446854941456223, 3.4444199378809484, 1.9794171506474112, -0.5273156924981695, 2.6165039875776, 0.8975896697064376]",0.8442271542012725,0.0
