sample,steps,parameters,fidelities,step_sizes
1,0,"[0.7304152974076107, 1.92835933522986, 2.6258624010701626, 0.5394680449480738, 2.8622747969385034, -0.1923286664254717, 0.007751908945581573, 1.2943922576789704, 0.6911836857491673, 0.7184886923106241, -0.6490483183526119, 3.468614353787114, 0.8166291743045656, 0.02957903903371445, 2.55121866457744, 0.6402010314015572, -0.23997090818835726, 1.4285266334181659, 1.1994871933144347, 2.3791715636795394, 0.0976378865390111, 1.1844478852198181, 0.2994360336360111, 2.5167133747829826]",0.24598740221242094,0.0
1,1,"[0.9331437161289124, 2.144881730280196, 3.4449980849094723, 0.24798068122261463, 5.456582077243233, -1.159118426821946, -0.33873109101977195, 0.5676061403876246, 0.4849400427898035, -0.6702054802604406, -1.2601355246583055, 2.7555037185809623, -0.12957719048901514, 1.1150846241369068, 2.3164047110745614, 0.7876883036006354, -1.1922783172455795, 3.379119619689825, 0.9695059577720725, 2.392454871939017, -0.07821071901102952, 0.7375954706506378, -1.5931697548244435, 1.5773859742212646]",0.8510698396782369,0.0
1,2,"[0.07194183973335919, 1.4757377101171323, 0.7262395815151671, -0.8674995417022522, 4.642951831018628, 0.02426892841367292, -1.248641667372646, 0.6151324492548556, 0.6271037966623249, -0.23349233453028445, -1.1752309970508712, 2.313230924044834, -0.1440489470347813, 0.6457523626390864, 1.0430882218146849, 0.4427700265928875, -0.5019107168207042, 1.409815341898592, 0.3839234510280033, 1.4398607798417018, 0.3560942091248145, -0.0661043225685167, 0.38811503459520486, -0.6673004842018765]",0.9521575359512501,0.0
1,3,"[0.0429790687784269, 1.4359743711412147, 0.8604430348254588, -0.727574568940191, 4.766974940563267, -0.16617874190732684, -1.0241498819188972, 0.5365454937765026, 0.6593555318708937, -0.4656685285619049, -1.2950230694194134, 2.026083585009455, 0.030565566281585636, 0.6626024710273057, 0.5448055392930227, 0.3241047246117294, -0.4831159103033448, 1.3211452546008382, 0.4221674981200243, 1.4233052908411443, 0.32169943202707785, -0.49406430882923297, 0.5537352442558385, -0.6753591812863499]",0.9484151825266555,0.0
