sample,steps,parameters,fidelities,step_sizes
1,0,"[2.111573453459567, 0.6008357026673528, 0.28166753877737494, 2.3001454251409923, 0.33876459508335866, 1.0679289118826871, 1.964435715972101, 2.0267903319213625, 1.314873732352482, 0.5112169120745862, 1.4403421737690605, 1.58389207957456, -0.7264336454322662, 1.5052268865581777, 2.620870723331509, 2.357216605283918, 2.13914766863675, 3.608181037235961, 0.4353752789253687, 3.4966187171023306, 3.233867163710406, 0.9228380886602359, 3.94818655196509, -0.06019728733519855]",0.6036934045663359,0.0
1,1,"[2.635813014315831, -0.41111430734384236, -1.1393965773861423, 1.0440547676568872, 1.333301455384758, 0.6839605255067952, 0.5266017068578704, 2.4808916238803334, 0.6714333085584638, 1.119723472624985, 1.5419343474332303, 1.1059029932628048, -0.7404821814858116, 2.062471865778752, 1.234824816251259, 2.0593993258067806, 2.9406130338591874, 3.596562097662826, -0.6608724124317263, 2.9177283334314836, 1.6043348896829523, 1.0112874021873999, 1.8175950634542701, 0.6733839475715315]",0.428516008812735,0.0
1,2,"[3.470519025921688, 0.3807020044399345, -1.200147900793967, 2.1360978954698315, 0.8943966829252651, 0.5613173645479511, -1.2289446398566173, 1.9585703273451303, -0.8777867417601714, 1.4868175929634115, 1.7703360841542901, 1.0257084077558911, -0.4671868218662544, 1.516964431055067, 3.0240725466204914, 0.8042909829567073, 4.275382356971415, 3.650784326633475, 0.3318199929135469, 2.3667746817789297, 0.8230123183792807, 0.41938265148179066, 0.4293674960406819, 2.284346094962427]",0.5524169916910988,0.0
1,3,"[4.046852634142373, -0.26473740392573797, -1.0787133434532554, 2.433861305663637, 0.9640207840412623, 0.8677535332556712, -0.8771462304420315, 1.7151321590757689, -0.5595685312630423, 1.0731577229898543, 2.2655787353685035, 0.393407915770226, -0.7994294105703555, 1.3634263628214438, 2.458299166192003, 0.24315069886150767, 4.785632495973526, 4.444353550760179, -0.4312037031522421, 1.7400889785834446, 0.40272559446499984, -0.3250090501060386, 0.011013123062585159, 2.001785967287225]",0.9492427939558702,0.0
