sample,steps,parameters,fidelities,step_sizes
1,0,"[0.9328989048548144, 1.9846790515488135, 2.8496296837016657, 3.0769484967719016, 0.9668073834191648, 2.3222824882235122, 0.5148129781222014, 1.9532112920757454, 0.7765912778631642, -1.2168465430980415, 2.8398666223711153, 0.9232458326738436, 1.017831610620836, 1.8473764667759773, 0.514124578684582, 3.237089839430644, 1.089094410148194, 0.7794338309356634, 2.5933693511409306, -0.8565244810098585, 2.069924730287379, 2.34003311520366, 1.0742707833353515, 0.5222438606250532]",0.6877145132607875,0.0
1,1,"[1.2515594868814102, 2.461001271190637, 4.4022579854626125, 2.113299129575147, 0.7028842826844649, 2.821471881158308, 0.5768878708309241, 1.047078393923004, 0.5855953263196382, -2.4979652475466656, 3.643526465484968, 0.4726232415139635, -0.35401423874412535, 1.1635745932594221, -0.43318669896521705, 0.9201554391282425, -0.02296190895226156, 1.4736299575261587, 0.20071945548959336, -0.306157767549814, 2.0233508715331214, 1.643881400480912, 0.3171603009789178, -0.5922620275945253]",0.6367093427379615,0.0
1,2,"[1.0886535033598004, 2.837331081237873, 4.991844302928841, 2.2558440267178574, 0.9076450167906702, 2.8312642081403907, 0.16130813491380444, 0.27101047878779017, 0.34543412189444045, -2.644536087764164, 3.218848171561371, 0.09009701853932564, -0.8383651848558966, 0.9669867355404224, -0.3573248508217123, 1.1040216025074854, 0.22857905533055065, 1.3811761441405301, 0.7366781483714875, -0.08344183173532767, 2.070185163554541, 1.4201982513503404, 0.46244454842079563, -0.5552628866848598]",0.9335512393526038,0.0
1,3,"[0.7051155192553529, 2.8658008980863507, 5.420774839418598, 2.2736491382083774, 0.8837364475883159, 2.8643046772223077, -0.05905254071384867, 0.23944676795024253, 0.01703978297757896, -2.950027504680291, 3.182970386876281, 0.044510184654067086, -1.0057395872580923, 0.98590843262031, -0.426316173342419, 1.21622121293238, 0.45136561198470754, 1.4306906507673243, 0.32247518012277004, -0.13571487232928428, 2.232335049634331, 1.7249360448985762, 0.4131626303706659, -0.509709885456436]",0.6289660308971784,0.0
