sample,steps,parameters,fidelities,step_sizes
1,0,"[1.1648783630612314, 1.0648608313684695, 1.6164070231286056, 1.437831062971732, 0.9260456093848088, 2.7637263934162704, -0.21277087277547002, 3.1306920787241403, 1.1708009902327867, 2.309325738380902, -0.13625910984288886, 3.678868492211598, 4.584065834628263, 1.2508270537072523, 2.0581280673101565, 0.17867636463499817, 1.1452385373065397, 1.5655004124310559, 2.3734525073670136, 2.6176205009456677, 0.2531093231990675, 1.0946418439240453, 4.214775963364421, 0.6918490968750497]",0.38864009742968525,0.0
1,1,"[0.7048739597087317, 0.1682225048184962, 2.49415387903612, 1.2599637077177395, -0.039268229662779874, 4.093115138584748, -0.3302641172108093, 3.1161282988733734, 0.8626141058028123, -0.0314772630494361, -0.528175412034806, 1.6844521706603894, 1.4861450192541057, -0.5364001234412904, 5.049807064760935, -0.10913740160851981, 3.032765110725242, 2.904947367369483, 0.5675241597890248, 1.8108447831541012, 0.571726180083393, -0.06878693543918366, 3.672642423402239, 1.5947352159753816]",0.5619655851735318,0.0
1,2,"[0.11631283607188254, 0.24295790505372503, 2.4836246994065663, 0.1126099194289249, 0.3315331137147821, 4.558637802950215, -0.213065945198546, 3.6769941801649937, 0.41292105947052926, -0.1997655234417669, -0.4423642163505388, 1.5754866683656945, 0.8498140908227847, -0.36281260958807837, 5.929026321023253, 0.16403636072054475, 3.592949433922006, 3.339084415078287, 0.40514595403905956, 0.7566669003122872, -0.3149308650343507, 0.42027625997084184, 3.0695115566621243, 1.2539944912985923]",0.5723629649659834,0.0
1,3,"[0.04791507402338212, 0.07134777815765854, 3.5469169518196946, -0.09828554827232605, -0.06570836503454427, 6.2222506493907455, -0.1492991438272961, 4.695821551701687, -0.2027976432162255, 0.22378663500258553, 0.2651480188674554, 1.0344832994628839, 1.0127879621998135, -0.16014339843275946, 6.395910929943841, 0.191256667311753, 5.9396464050634314, 3.936558085819622, 0.1842595915089453, 0.8870185655745987, -0.48656649689106846, 1.260417133761914, 1.9604774915746928, 0.9259082883374722]",0.5973116924368026,0.0
